formulaRank	molecularFormula	adduct	precursorFormula	SiriusScore	TreeScore	IsotopeScore	numExplainedPeaks	explainedIntensity	medianMassErrorFragmentPeaks(ppm)	medianAbsoluteMassErrorFragmentPeaks(ppm)	massErrorPrecursor(ppm)	lipidClass
1	C5H5O4S	[M + Na]+	C5H5O4S	30.982915019814325	30.982915019814325	0.0	7	0.40108958388318755	6.035383419370597	6.035383419370597	7.036907647018122	
2	C5H7O2P2	[M + Na]+	C5H7O2P2	16.218025007419566	16.218025007419566	0.0	6	0.3691022781217058	-2.218512839078479	2.218512839078479	0.11727225137791948	
3	CH5O9	[M + Na]+	CH5O9	1.2915035525126604	1.2915035525126604	0.0	1	0.0	-6.611757212509098	6.611757212509098	-6.5628388926188075	
4	C8H3NOS	[M + Na]+	C8H3NOS	1.0968792842003312	1.0968792842003312	0.0	3	0.0368458390224118	7.2436449975114074	7.579116074339309	-7.530197707127761	
5	C3H5N3OP2	[M + Na]+	C3H5N3OP2	0.46543515476634756	0.46543515476634756	0.0	4	0.10080337938477986	3.3204132822840298	3.3204132822840298	7.4152068194699	
6	C4H6N2OPS	[M + Na]+	C4H6N2OPS	-0.7579313191637889	-0.7579313191637889	0.0	6	0.04609719434004804	7.2725552863804115	7.879202265751979	-9.219096969097892	
7	C2H4N5PS	[M + Na]+	C2H4N5PS	-2.693388074938279	-2.693388074938279	0.0	6	0.04822087820080033	-0.5017711484132426	2.9941557586447325	-1.9211624010059116	
8	C6HN4S	[M + Na]+	C6HN4S	-5.687351213484972	-5.687351213484972	0.0	1	0.0	-0.2811811492469726	0.2811811492469726	-0.2322631390357798	
9	C7H2N2OP	[M + Na]+	C7H2N2OP	-9.114582227281046	-9.114582227281046	0.0	1	0.0	9.055188527945338	9.055188527945338	9.104106081440033	
