formulaRank	molecularFormula	adduct	precursorFormula	SiriusScore	TreeScore	IsotopeScore	numExplainedPeaks	explainedIntensity	medianMassErrorFragmentPeaks(ppm)	medianAbsoluteMassErrorFragmentPeaks(ppm)	massErrorPrecursor(ppm)	lipidClass
1	C4H3NO5PS	[M - H2O + H]+	C4HNO4PS	0.8337120685688078	0.8337120685688078	0.0	4	0.010269893316122996	3.3116017620551714	3.3116017620551714	-94320.62645557811	
1	C4H5NO6PS	[M - H4O2 + H]+	C4HNO4PS	0.8337120685688078	0.8337120685688078	0.0	4	0.010269893316122996	3.3116017620551714	3.3116017620551714	-188644.3082841745	
1	C4HNO4PS	[M + H]+	C4HNO4PS	0.8337120685688078	0.8337120685688078	0.0	3	0.010269893316122996	3.3116017620551714	3.3116017620551714	3.0553730184643753	
2	H6N2O5P2S	[M - H2O + H]+	H4N2O4P2S	-2.587101106322859	-2.587101106322859	0.0	3	0.005635230368737249	1.7923675715320913	1.7923675715320913	-94322.25376826235	
3	C8O2P2	[M + H]+	C8O2P2	-3.7042591524585005	-3.7042591524585005	0.0	1	0.0	NaN	NaN	-1.984621639712262	
4	C2HN4OP3	[M + H]+	C2HN4OP3	-3.7996405828297397	-3.7996405828297397	0.0	1	0.0	NaN	NaN	3.4198773175859487	
5	C4H7NO4P3	[M - H4O2 + H]+	C4H3NO2P3	-7.722712876525918	-7.722712876525918	0.0	3	0.005635230368737249	-5.7868784037243355	5.7868784037243355	-188650.97559151697	
5	C4H5NO3P3	[M - H2O + H]+	C4H3NO2P3	-7.722712876525918	-7.722712876525918	0.0	3	0.005635230368737249	-5.7868784037243355	5.7868784037243355	-94327.2937629204	
5	C4H3NO2P3	[M + H]+	C4H3NO2P3	-7.722712876525918	-7.722712876525918	0.0	2	0.005635230368737249	-5.7868784037243355	5.7868784037243355	-3.6119343238115844	
