formulaRank	molecularFormula	adduct	precursorFormula	SiriusScore	TreeScore	IsotopeScore	numExplainedPeaks	explainedIntensity	medianMassErrorFragmentPeaks(ppm)	medianAbsoluteMassErrorFragmentPeaks(ppm)	massErrorPrecursor(ppm)	lipidClass
1	ClH2OP	[M + H2O + H]+	ClH4O2P	13.855122830405772	13.695680421179434	0.15944240922633846	1	0.0	-7.673383758798604	7.673383758798604	-7.770499961298819	
2	CH5OP	[M + K]+	CH5OP	12.094901005244079	10.47177798463628	1.6231230206078004	2	0.5717618268933893	-8.64374094965357	8.64374094965357	-7.181786059501982	
3	H2NO2S	[M + Na]+	H2NO2S	10.570375676598859	10.570375676598859	0.0	2	0.5717618268933893	3.327087191850639	3.327087191850639	3.6417899219157355	
4	C3N2	[M + K]+	C3N2	0.6291567616824421	-0.4398745674507383	1.0690313291331803	1	0.0	8.972495346143113	8.972495346143113	8.875380760215057	
5	C2H5Cl	[M + K]+	C2H5Cl	-0.23959832197727726	-2.0393438110520496	1.7997454890747724	1	0.0	-8.79807776027021	8.79807776027021	-8.895194071995599	
6	C4HP	[M + Na]+	C4HP	-3.101814197372328	-4.862872225683915	1.7610580283115875	1	0.0	-5.6070777984929565	5.6070777984929565	-5.704193800322924	
7	H4NP2	[M + Na]+	H4NP2	-9.630395285699231	-9.630395285699231	0.0	1	0.0	-8.624707262805535	8.624707262805535	-8.721823557693966	
