formulaRank	molecularFormula	adduct	precursorFormula	SiriusScore	TreeScore	IsotopeScore	numExplainedPeaks	explainedIntensity	medianMassErrorFragmentPeaks(ppm)	medianAbsoluteMassErrorFragmentPeaks(ppm)	massErrorPrecursor(ppm)	lipidClass
1	C6H12N4	[M + H]+	C6H12N4	31.173470320164167	28.875910801314774	2.2975595188493942	9	0.09756812142176025	-1.683875353509341	1.683875353509341	-0.1618278804930357	
1	C6H9N3	[M + H3N + H]+	C6H12N4	31.173470320164167	28.875910801314774	2.2975595188493942	9	0.09756812142176023	-1.683875353509341	1.683875353509341	-0.1618278804930357	
1	C6H14N4O	[M - H2O + H]+	C6H12N4	31.173470320164167	28.875910801314774	2.2975595188493942	10	0.09756812142176025	-1.683875353509341	1.683875353509341	-127631.96931327612	
2	C8H11O	[M + H3N + H]+	C8H14NO	25.770116257288215	24.225823249091587	1.544293008196628	8	0.03738307605441124	-1.1667980566323104	1.374752656386785	-9.676753637094698	
2	C8H14NO	[M + H]+	C8H14NO	25.770116257288215	24.225823249091587	1.544293008196628	8	0.03738307605441124	-1.1667980566323104	1.374752656386785	-9.676753637094698	
2	C8H16NO2	[M - H2O + H]+	C8H14NO	25.770116257288215	24.225823249091587	1.544293008196628	9	0.03738307605441124	-1.1667980566323104	1.374752656386785	-127641.48423903272	
3	C6H16NO	[M + Na]+	C6H16NO	18.853371500355404	16.62106668781017	2.232304812545233	7	0.06222261009225842	0.5158347158324494	2.44787170958219	7.371146474555087	
4	C8H12N	[M + H2O + H]+	C8H14NO	14.74682974755223	13.202536739355601	1.544293008196628	5	0.023449864382167906	-1.242239654494678	1.507265658278892	-9.676753637094698	
5	C2H12N4P	[M + H3N + H]+	C2H15N5P	-8.365419374434591	-8.461574175904524	0.09615480146993338	5	0.04008506970082948	-4.806737438981049	4.806737438981049	-2.3637866591158656	
